INSERT INTO Turista (PaisOrigem, NumPassaporte, Nome, DataNascimento, Telefone, Email, Senha) values ('China', '9673332290', 'Katrinka Cashell', '1987-10-12', '2302081560', 'kcashell0@arizona.edu', 'yfaAFLU');
INSERT INTO Turista (PaisOrigem, NumPassaporte, Nome, DataNascimento, Telefone, Email, Senha) values ('United States', '0976656086', 'Anne-marie Mathy', '1976-08-24', '9719075368', 'amathy1@ovh.net', '0U2tpv8');
INSERT INTO Turista (PaisOrigem, NumPassaporte, Nome, DataNascimento, Telefone, Email, Senha) values ('Indonesia', '2542862605', 'Bryanty Bartolomucci', '1969-04-21', '7837288674', 'bbartolomucci2@jalbum.net', 'DvMoJ74Gw');
INSERT INTO Turista (PaisOrigem, NumPassaporte, Nome, DataNascimento, Telefone, Email, Senha) values ('Portugal', '4992512259', 'Jordana Herion', '1977-09-24', '3828907966', 'jherion3@weebly.com', 'uMOjJLp');
INSERT INTO Turista (PaisOrigem, NumPassaporte, Nome, DataNascimento, Telefone, Email, Senha) values ('China', '5818284352', 'Clementina Balint', '1974-01-23', '1921039878', 'cbalint4@feedburner.com', 'rkoKfMHfy');
INSERT INTO Turista (PaisOrigem, NumPassaporte, Nome, DataNascimento, Telefone, Email, Senha) values ('Panama', '4482528552', 'Raddy Ells', '1996-09-04', '9111516828', 'rells5@hc360.com', 'uw9KNQwe4T');
INSERT INTO Turista (PaisOrigem, NumPassaporte, Nome, DataNascimento, Telefone, Email, Senha) values ('Russia', '0070140731', 'Ida Janjusevic', '1967-02-17', '9807242717', 'ijanjusevic6@yandex.ru', 'HT5ft6Zem');
INSERT INTO Turista (PaisOrigem, NumPassaporte, Nome, DataNascimento, Telefone, Email, Senha) values ('Philippines', '4111924522', 'Katleen Gouldstone', '1984-10-01', '1563071693', 'kgouldstone7@comsenz.com', 'zmIY7DF4CVM');
INSERT INTO Turista (PaisOrigem, NumPassaporte, Nome, DataNascimento, Telefone, Email, Senha) values ('Indonesia', '8864828680', 'Letty Ainge', '1963-09-07', '5048069587', 'lainge8@reference.com', 'SCBCXym8Ypy');
INSERT INTO Turista (PaisOrigem, NumPassaporte, Nome, DataNascimento, Telefone, Email, Senha) values ('Brazil', '5301384139', 'Godfree Piell', '1991-08-11', '3487988830', 'gpiell9@comcast.net', '6APwUwdm');

INSERT INTO Pais (Nome) VALUES ('Brazil');
INSERT INTO Pais (Nome) VALUES ('Belgium');

INSERT INTO Festival (IdFiscal, Nome, Pais, Descricao, DataInicio, DataFim, EstiloMusica, Cidade, ZipCode, Bairro, Logradouro, Numero) VALUES ('4456874125', 'Tomorrowland', 'Belgium', 'Founded by two brothers, Manu and Michiel Beers in 2005, Tomorrowland is an Electronic Dance Music festival which has grown steadily ever since its humble foundation. The first edition brought together 500-1000 party-goers, however already in its third edition, there were over 50,000 attendees.', '2022-07-22', '2022-07-29', 'Eletrônica', 'Boom', '551533', NULL, 'Schommelei', 2850);  
INSERT INTO Festival (IdFiscal, Nome, Pais, Descricao, DataInicio, DataFim, EstiloMusica, Cidade, ZipCode, Bairro, Logradouro, Numero) VALUES ('08.093.115/0001-80', 'Rock in Rio', 'Brazil', NULL, '2022-09-02', '2022-09-11', NULL, 'Rio de Janeiro', '22780-160', 'Bairro', 'Av. Salvador Allende', 6500);
 
INSERT INTO Festa (Festival, Nome, Capacidade, DataFesta, HoraInicio, HoraFim) VALUES ('4456874125', 'Mainstage', 10000, '2022-07-22', '09:00', '22:00'); 
INSERT INTO Festa (Festival, Nome, Capacidade, DataFesta, HoraInicio, HoraFim) VALUES ('4456874125', 'Monstercat (Rose Garden)', 5000, '2022-07-22', '16:00', '22:00'); 
INSERT INTO Festa (Festival, Nome, Capacidade, DataFesta, HoraInicio, HoraFim) VALUES ('08.093.115/0001-80', 'Palco Sunset', 10000, '2022-09-02', '13:00', '22:00'); 
INSERT INTO Festa (Festival, Nome, Capacidade, DataFesta, HoraInicio, HoraFim) VALUES ('08.093.115/0001-80', 'Palco Mundo', 10000, '2022-09-03', '13:00', '22:00'); 

INSERT INTO Atracoes (Festival, Festa, Atracao, Descricao) VALUES ('4456874125', 'Mainstage', 'Alok', NULL);
INSERT INTO Atracoes (Festival, Festa, Atracao, Descricao) VALUES ('4456874125', 'Mainstage', 'The Chainsmokers', 'The Chainsmokers are an American DJ and production duo consisting of Alexander "Alex" Pall and Andrew "Drew" Taggart. The EDM-pop duo achieved a breakthrough with their 2014 song "#Selfie". '); 
INSERT INTO Atracoes (Festival, Festa, Atracao, Descricao) VALUES ('4456874125', 'Monstercat (Rose Garden)', 'Zeds Dead', NULL);
INSERT INTO Atracoes (Festival, Festa, Atracao, Descricao) VALUES ('4456874125', 'Monstercat (Rose Garden)', 'DROELOE', NULL);
INSERT INTO Atracoes (Festival, Festa, Atracao, Descricao) VALUES ('08.093.115/0001-80', 'Palco Sunset', 'Iron Maiden', NULL);
INSERT INTO Atracoes (Festival, Festa, Atracao, Descricao) VALUES ('08.093.115/0001-80', 'Palco Sunset', 'Megadeth', NULL);
INSERT INTO Atracoes (Festival, Festa, Atracao, Descricao) VALUES ('08.093.115/0001-80', 'Palco Mundo', 'Alok', NULL);
INSERT INTO Atracoes (Festival, Festa, Atracao, Descricao) VALUES ('08.093.115/0001-80', 'Palco Mundo', 'Drake', NULL);
  
INSERT INTO Ingresso (Festival, Festa, NumIngresso, PaisTurista, TuristaPassaporte, Preco, DataValidade, NumCompra, DataCompra, HoraCompra) VALUES ('4456874125', 'Mainstage', 1, 'China', '9673332290', 300, '2022-07-30', 1, '2020-10-16', '14:03'); 
INSERT INTO Ingresso (Festival, Festa, NumIngresso, PaisTurista, TuristaPassaporte, Preco, DataValidade, NumCompra, DataCompra, HoraCompra) VALUES ('4456874125', 'Mainstage', 2, 'Indonesia', '2542862605', 300, '2022-07-30', 2, '2021-07-06', '3:19'); 
INSERT INTO Ingresso (Festival, Festa, NumIngresso, PaisTurista, TuristaPassaporte, Preco, DataValidade, NumCompra, DataCompra, HoraCompra) VALUES ('4456874125', 'Mainstage', 3, 'Philippines', '4111924522', 300, '2022-07-30', 10, '2021-06-30', '4:23'); 
INSERT INTO Ingresso (Festival, Festa, NumIngresso, PaisTurista, TuristaPassaporte, Preco, DataValidade, NumCompra, DataCompra, HoraCompra) VALUES ('4456874125', 'Mainstage', 4, 'United States', '0976656086', 300, '2022-07-30', 3, '2021-05-02', '15:52');
INSERT INTO Ingresso (Festival, Festa, NumIngresso, PaisTurista, TuristaPassaporte, Preco, DataValidade, NumCompra, DataCompra, HoraCompra) VALUES ('4456874125', 'Mainstage', 5, NULL, NULL, 300, '2022-07-30', NULL, NULL, NULL);
INSERT INTO Ingresso (Festival, Festa, NumIngresso, PaisTurista, TuristaPassaporte, Preco, DataValidade, NumCompra, DataCompra, HoraCompra) VALUES ('4456874125', 'Mainstage', 6, NULL, NULL, 300, '2022-07-30', NULL, NULL, NULL);
INSERT INTO Ingresso (Festival, Festa, NumIngresso, PaisTurista, TuristaPassaporte, Preco, DataValidade, NumCompra, DataCompra, HoraCompra) VALUES ('4456874125', 'Monstercat (Rose Garden)', 1, 'United States', '0976656086', 100, '2022-07-30', 3, '2021-05-02', '15:52'); 
INSERT INTO Ingresso (Festival, Festa, NumIngresso, PaisTurista, TuristaPassaporte, Preco, DataValidade, NumCompra, DataCompra, HoraCompra) VALUES ('4456874125', 'Monstercat (Rose Garden)', 2, 'Indonesia', '8864828680', 100, '2022-07-30', 4, '2020-11-30', '4:11'); 
INSERT INTO Ingresso (Festival, Festa, NumIngresso, PaisTurista, TuristaPassaporte, Preco, DataValidade, NumCompra, DataCompra, HoraCompra) VALUES ('4456874125', 'Monstercat (Rose Garden)', 3, 'China', '9673332290', 100, '2022-07-30', 1, '2020-10-16', '14:03'); 
INSERT INTO Ingresso (Festival, Festa, NumIngresso, PaisTurista, TuristaPassaporte, Preco, DataValidade, NumCompra, DataCompra, HoraCompra) VALUES ('4456874125', 'Monstercat (Rose Garden)', 4, NULL, NULL, 100, '2022-07-30', NULL, NULL, NULL); 
INSERT INTO Ingresso (Festival, Festa, NumIngresso, PaisTurista, TuristaPassaporte, Preco, DataValidade, NumCompra, DataCompra, HoraCompra) VALUES ('4456874125', 'Monstercat (Rose Garden)', 5, NULL, NULL, 100, '2022-07-30', NULL, NULL, NULL); 
INSERT INTO Ingresso (Festival, Festa, NumIngresso, PaisTurista, TuristaPassaporte, Preco, DataValidade, NumCompra, DataCompra, HoraCompra) VALUES ('4456874125', 'Monstercat (Rose Garden)', 6, NULL, NULL, 100, '2022-07-30', NULL, NULL, NULL);
INSERT INTO Ingresso (Festival, Festa, NumIngresso, PaisTurista, TuristaPassaporte, Preco, DataValidade, NumCompra, DataCompra, HoraCompra) VALUES ('08.093.115/0001-80', 'Palco Sunset', 1, 'Panama', '4482528552', 500, '2022-09-11', 5, '2020-08-19', '22:58');
INSERT INTO Ingresso (Festival, Festa, NumIngresso, PaisTurista, TuristaPassaporte, Preco, DataValidade, NumCompra, DataCompra, HoraCompra) VALUES ('08.093.115/0001-80', 'Palco Sunset', 2, 'China', '5818284352', 500, '2022-09-11', 6, '2021-04-19', '3:55');
INSERT INTO Ingresso (Festival, Festa, NumIngresso, PaisTurista, TuristaPassaporte, Preco, DataValidade, NumCompra, DataCompra, HoraCompra) VALUES ('08.093.115/0001-80', 'Palco Sunset', 3, 'Brazil', '5301384139', 500, '2022-09-11', 7, '2020-10-16', '8:36');
INSERT INTO Ingresso (Festival, Festa, NumIngresso, PaisTurista, TuristaPassaporte, Preco, DataValidade, NumCompra, DataCompra, HoraCompra) VALUES ('08.093.115/0001-80', 'Palco Sunset', 4, 'Brazil', '5301384139', 500, '2022-09-11', 7, '2020-10-16', '8:36');
INSERT INTO Ingresso (Festival, Festa, NumIngresso, PaisTurista, TuristaPassaporte, Preco, DataValidade, NumCompra, DataCompra, HoraCompra) VALUES ('08.093.115/0001-80', 'Palco Sunset', 5, NULL, NULL, 500, '2022-09-11', NULL, NULL, NULL);
INSERT INTO Ingresso (Festival, Festa, NumIngresso, PaisTurista, TuristaPassaporte, Preco, DataValidade, NumCompra, DataCompra, HoraCompra) VALUES ('08.093.115/0001-80', 'Palco Sunset', 6, NULL, NULL, 500, '2022-09-11', NULL, NULL, NULL);
INSERT INTO Ingresso (Festival, Festa, NumIngresso, PaisTurista, TuristaPassaporte, Preco, DataValidade, NumCompra, DataCompra, HoraCompra) VALUES ('08.093.115/0001-80', 'Palco Mundo', 1, 'Brazil', '5301384139', 500, '2022-09-11', 7, '2020-10-16', '8:36');
INSERT INTO Ingresso (Festival, Festa, NumIngresso, PaisTurista, TuristaPassaporte, Preco, DataValidade, NumCompra, DataCompra, HoraCompra) VALUES ('08.093.115/0001-80', 'Palco Mundo', 2, 'Brazil', '5301384139', 500, '2022-09-11', 7, '2020-10-16', '8:36');
INSERT INTO Ingresso (Festival, Festa, NumIngresso, PaisTurista, TuristaPassaporte, Preco, DataValidade, NumCompra, DataCompra, HoraCompra) VALUES ('08.093.115/0001-80', 'Palco Mundo', 3, 'Portugal', '4992512259', 500, '2022-09-11', 8, '2020-12-22', '1:09');
INSERT INTO Ingresso (Festival, Festa, NumIngresso, PaisTurista, TuristaPassaporte, Preco, DataValidade, NumCompra, DataCompra, HoraCompra) VALUES ('08.093.115/0001-80', 'Palco Mundo', 4, 'Russia', '0070140731', 500, '2022-09-11', 9, '2021-06-03', '17:26');
INSERT INTO Ingresso (Festival, Festa, NumIngresso, PaisTurista, TuristaPassaporte, Preco, DataValidade, NumCompra, DataCompra, HoraCompra) VALUES ('08.093.115/0001-80', 'Palco Mundo', 5, NULL, NULL, 500, '2022-09-11', NULL, NULL, NULL);
INSERT INTO Ingresso (Festival, Festa, NumIngresso, PaisTurista, TuristaPassaporte, Preco, DataValidade, NumCompra, DataCompra, HoraCompra) VALUES ('08.093.115/0001-80', 'Palco Mundo', 6, NULL, NULL, 500, '2022-09-11', NULL, NULL, NULL);

INSERT INTO ServicoHospedagem (IdFiscal, Pais, TipoAcomodacao, Nome, Descricao, Cidade, ZipCode, Bairro, Logradouro, Numero) VALUES ('08.021.115/0001-80', 'Brazil', 'Hotel', 'Hotel Brasil', NULL, 'Rio de Janeiro', '22441-040', 'Leblon', 'Rua Adalberto Ferreira', 578); 
INSERT INTO ServicoHospedagem (IdFiscal, Pais, TipoAcomodacao, Nome, Descricao, Cidade, ZipCode, Bairro, Logradouro, Numero) VALUES ('16.542.220/0001-34', 'Brazil', 'Pousada', 'Pousada Barra da Tijuca', NULL, 'Rio de Janeiro', '22631-210', 'Barra da Tijuca', 'Rua Desembargador Roberto Medeiros', 3546);
INSERT INTO ServicoHospedagem (IdFiscal, Pais, TipoAcomodacao, Nome, Descricao, Cidade, ZipCode, Bairro, Logradouro, Numero) VALUES ('08.546.524/0001-03', 'Brazil', 'Hostel', 'Hostel Ipanema', NULL, 'Rio de Janeiro', '22410-080', 'Ipanema', 'Rua Paul Redfern', 54);
INSERT INTO ServicoHospedagem (IdFiscal, Pais, TipoAcomodacao, Nome, Descricao, Cidade, ZipCode, Bairro, Logradouro, Numero) VALUES ('5637575825', 'Belgium', 'Hotel', 'Nome Boom', NULL, 'Boom', NULL, NULL, 'Statiestraat', 545); 
INSERT INTO ServicoHospedagem (IdFiscal, Pais, TipoAcomodacao, Nome, Descricao, Cidade, ZipCode, Bairro, Logradouro, Numero) VALUES ('9375757867', 'Belgium', 'Pousada', 'Aquavila', NULL, 'Boom', NULL, NULL, 'Noeveren', 4575);
INSERT INTO ServicoHospedagem (IdFiscal, Pais, TipoAcomodacao, Nome, Descricao, Cidade, ZipCode, Bairro, Logradouro, Numero) VALUES ('8043245786', 'Belgium', 'Hostel', 'The Hostel', NULL, 'Boom', NULL, NULL, 'Jozef van Cleemputplein', 211);

INSERT INTO Hotel (IdFiscal, Classificacao, PrecoDiaria) VALUES ('08.021.115/0001-80', 5, 350);  
INSERT INTO Hotel (IdFiscal, Classificacao, PrecoDiaria) VALUES ('5637575825', 4, 250);  

INSERT INTO Pousada (IdFiscal, PrecoDiaria) VALUES ('16.542.220/0001-34', 100);
INSERT INTO Pousada (IdFiscal, PrecoDiaria) VALUES ('9375757867', 95.90);

INSERT INTO Hostel (IdFiscal) VALUES ('08.546.524/0001-03');
INSERT INTO Hostel (IdFiscal) VALUES ('8043245786');

INSERT INTO TipoDormitorio (Hostel, PrecoDiaria, Capacidade) VALUES ('08.546.524/0001-03', 80, 2);
INSERT INTO TipoDormitorio (Hostel, PrecoDiaria, Capacidade) VALUES ('8043245786', 30, 5);

INSERT INTO Reserva (ServicoHospedagem, PaisTurista, TuristaPassaporte, NumReserva, DataCheckin, DataCheckout, NumPessoas) VALUES ('5637575825', 'China', '9673332290', 1, '2022-07-22', '2022-07-30', 1);
INSERT INTO Reserva (ServicoHospedagem, PaisTurista, TuristaPassaporte, NumReserva, DataCheckin, DataCheckout, NumPessoas) VALUES ('5637575825', 'United States', '0976656086', 2, '2022-07-22', '2022-07-30', 1);
INSERT INTO Reserva (ServicoHospedagem, PaisTurista, TuristaPassaporte, NumReserva, DataCheckin, DataCheckout, NumPessoas) VALUES ('9375757867', 'Indonesia', '2542862605', 1, '2022-07-22', '2022-07-30', 1);
INSERT INTO Reserva (ServicoHospedagem, PaisTurista, TuristaPassaporte, NumReserva, DataCheckin, DataCheckout, NumPessoas) VALUES ('08.021.115/0001-80', 'Portugal', '4992512259', 1, '2022-09-02', '2022-09-15', 1);
INSERT INTO Reserva (ServicoHospedagem, PaisTurista, TuristaPassaporte, NumReserva, DataCheckin, DataCheckout, NumPessoas) VALUES ('16.542.220/0001-34', 'China', '5818284352', 1, '2022-09-01', '2022-09-15', 1);
INSERT INTO Reserva (ServicoHospedagem, PaisTurista, TuristaPassaporte, NumReserva, DataCheckin, DataCheckout, NumPessoas) VALUES ('08.546.524/0001-03', 'Panama', '4482528552', 1, '2022-09-01', '2022-09-12', 1);
INSERT INTO Reserva (ServicoHospedagem, PaisTurista, TuristaPassaporte, NumReserva, DataCheckin, DataCheckout, NumPessoas) VALUES ('08.021.115/0001-80', 'Russia', '0070140731', 2, '2022-09-01', '2022-09-12', 1);
INSERT INTO Reserva (ServicoHospedagem, PaisTurista, TuristaPassaporte, NumReserva, DataCheckin, DataCheckout, NumPessoas) VALUES ('8043245786', 'Philippines', '4111924522', 1, '2022-07-22', '2022-07-30', 1);
INSERT INTO Reserva (ServicoHospedagem, PaisTurista, TuristaPassaporte, NumReserva, DataCheckin, DataCheckout, NumPessoas) VALUES ('9375757867', 'Indonesia', '8864828680', 2, '2022-07-22', '2022-07-30', 1);
INSERT INTO Reserva (ServicoHospedagem, PaisTurista, TuristaPassaporte, NumReserva, DataCheckin, DataCheckout, NumPessoas) VALUES ('08.021.115/0001-80', 'Brazil', '5301384139', 3, '2022-09-02', '2022-09-11', 2);

INSERT INTO CompanhiaAerea (IdFiscal, Nome, Pais, Cidade, ZipCode, Bairro, Logradouro, Numero) VALUES ('02.012.862/0001-60', 'TAM Linhas Aéreas S/A', 'Brazil', 'Sao Paulo', '04634-042', 'Jardim Brasil', 'Rua Atica', 673);  
INSERT INTO CompanhiaAerea (IdFiscal, Nome, Pais, Cidade, ZipCode, Bairro, Logradouro, Numero) VALUES ('6320223014', 'Hong Kong Airlines', 'China', 'Hong Kong', NULL, 'Lantau', 'Tung Chung Road', 20);  
INSERT INTO CompanhiaAerea (IdFiscal, Nome, Pais, Cidade, ZipCode, Bairro, Logradouro, Numero) VALUES ('8556365254', 'American Airlines', 'United States', 'Fort Worth', '76155-1801', NULL, 'Skyview Dr', 1);  

INSERT INTO Aviao (NumeroCauda, CompanhiaProprietaria, Nome, Fabricante, Capacidade) VALUES ('PT620', '02.012.862/0001-60', 'A319', 'Airbus', 156);  
INSERT INTO Aviao (NumeroCauda, CompanhiaProprietaria, Nome, Fabricante, Capacidade) VALUES ('B3652', '6320223014', 'A320', 'Airbus', 160); 
INSERT INTO Aviao (NumeroCauda, CompanhiaProprietaria, Nome, Fabricante, Capacidade) VALUES ('N6558', '8556365254', 'Boeing 787-8', 'Boeing', 248); 

INSERT INTO Voo (Id, NumeroVoo, DataSaida, HorarioSaida, PaisDestino, PaisOrigem, Aviao) VALUES (DEFAULT, 'TAM3727', '2022-09-02', '00:00', 'Brazil', 'Brazil', 'PT620');
INSERT INTO Voo (Id, NumeroVoo, DataSaida, HorarioSaida, PaisDestino, PaisOrigem, Aviao) VALUES (DEFAULT, 'CRK5786', '2022-07-22', '03:00', 'Brazil', 'China', 'B3652');
INSERT INTO Voo (Id, NumeroVoo, DataSaida, HorarioSaida, PaisDestino, PaisOrigem, Aviao) VALUES (DEFAULT, 'CRK5686', '2022-12-22', '09:00', 'Brazil', 'China', 'B3652');
INSERT INTO Voo (Id, NumeroVoo, DataSaida, HorarioSaida, PaisDestino, PaisOrigem, Aviao) VALUES (DEFAULT, 'AAL951', '2022-09-01', '20:00', 'Brazil', 'United States', 'N6558');
INSERT INTO Voo (Id, NumeroVoo, DataSaida, HorarioSaida, PaisDestino, PaisOrigem, Aviao) VALUES (DEFAULT, 'CRK6548', '2022-07-22', '07:00', 'Belgium', 'China', 'B3652');
INSERT INTO Voo (Id, NumeroVoo, DataSaida, HorarioSaida, PaisDestino, PaisOrigem, Aviao) VALUES (DEFAULT, 'AAL571', '2022-09-01', '05:00', 'Belgium', 'United States', 'N6558');

INSERT INTO Passagem (NumTicketEletronico, Voo, CidadeOrigem, CidadeDestino, Classe, DataEmbarque, HorarioEmbarque, Portao, Assento, Preco, NomePassageiro, PassaportePassageiro, NumCompra, DataCompra, HoraCompra, PaisTuristaComprador, PassaporteTuristaComprador) VALUES ('0269140445126', 4, 'Hong Kong', 'Brussels', 'Business', '2022-07-22', '07:00', '15', '89', 400, 'Katrinka Cashell', '9673332290', '376577578', '2020-10-16', '14:03', 'China', '9673332290'); 
INSERT INTO Passagem (NumTicketEletronico, Voo, CidadeOrigem, CidadeDestino, Classe, DataEmbarque, HorarioEmbarque, Portao, Assento, Preco, NomePassageiro, PassaportePassageiro, NumCompra, DataCompra, HoraCompra, PaisTuristaComprador, PassaporteTuristaComprador) VALUES ('0107255720447', 5, 'New York', 'Brussels', 'First Class', '2022-09-01', '05:00', '5', '15', 600, 'Anne-marie Mathy', '0976656086', '6788767527', '2021-05-02', '15:52', 'United States', '0976656086');  
INSERT INTO Passagem (NumTicketEletronico, Voo, CidadeOrigem, CidadeDestino, Classe, DataEmbarque, HorarioEmbarque, Portao, Assento, Preco, NomePassageiro, PassaportePassageiro, NumCompra, DataCompra, HoraCompra, PaisTuristaComprador, PassaporteTuristaComprador) VALUES ('0265786527227', 4, 'Hong Kong', 'Brussels', 'Economy', '2022-07-22', '07:00', '15', '128', 300, 'Bryanty Bartolomucci', '2542862605', '58727687', '2021-07-06', '3:19', 'Indonesia', '2542862605');  
INSERT INTO Passagem (NumTicketEletronico, Voo, CidadeOrigem, CidadeDestino, Classe, DataEmbarque, HorarioEmbarque, Portao, Assento, Preco, NomePassageiro, PassaportePassageiro, NumCompra, DataCompra, HoraCompra, PaisTuristaComprador, PassaporteTuristaComprador) VALUES ('0102577583278', 3, 'New York', 'Rio de Janeiro', 'Business', '2022-09-01', '20:00', '8', '75', 400, 'Jordana Herion', '4992512259', '13587943', '2020-12-22', '1:09', 'Portugal', '4992512259');  
INSERT INTO Passagem (NumTicketEletronico, Voo, CidadeOrigem, CidadeDestino, Classe, DataEmbarque, HorarioEmbarque, Portao, Assento, Preco, NomePassageiro, PassaportePassageiro, NumCompra, DataCompra, HoraCompra, PaisTuristaComprador, PassaporteTuristaComprador) VALUES ('0268756277353', 2, 'Hong Kong', 'Rio de Janeiro', 'Business', '2022-07-22', '03:00', '7', '55', 450, 'Clementina Balint', '5818284352', '412357690', '2021-04-19', '3:55', 'China', '5818284352');  
INSERT INTO Passagem (NumTicketEletronico, Voo, CidadeOrigem, CidadeDestino, Classe, DataEmbarque, HorarioEmbarque, Portao, Assento, Preco, NomePassageiro, PassaportePassageiro, NumCompra, DataCompra, HoraCompra, PaisTuristaComprador, PassaporteTuristaComprador) VALUES ('0106838935435', 3, 'New York', 'Rio de Janeiro', 'Executive', '2022-09-01', '20:00', '8', '2', 450, 'Raddy Ells', '4482528552', '679152430', '2020-08-19', '22:58', 'Panama', '4482528552');  
INSERT INTO Passagem (NumTicketEletronico, Voo, CidadeOrigem, CidadeDestino, Classe, DataEmbarque, HorarioEmbarque, Portao, Assento, Preco, NomePassageiro, PassaportePassageiro, NumCompra, DataCompra, HoraCompra, PaisTuristaComprador, PassaporteTuristaComprador) VALUES ('0267852572758', 2, 'Hong Kong', 'Rio de Janeiro', 'Economy', '2022-07-22', '03:00', '7', '255', 500, 'Ida Janjusevic', '0070140731', '19234780', '2021-06-03', '17:26', 'Russia', '0070140731');  
INSERT INTO Passagem (NumTicketEletronico, Voo, CidadeOrigem, CidadeDestino, Classe, DataEmbarque, HorarioEmbarque, Portao, Assento, Preco, NomePassageiro, PassaportePassageiro, NumCompra, DataCompra, HoraCompra, PaisTuristaComprador, PassaporteTuristaComprador) VALUES ('0108675237532', 4, 'Hong Kong', 'Brussels', 'Economy', '2022-07-22', '07:00', '15', '85', 300, 'Katleen Gouldstone', '4111924522', '10267892', '2021-06-30', '4:23', 'Philippines', '4111924522');  
INSERT INTO Passagem (NumTicketEletronico, Voo, CidadeOrigem, CidadeDestino, Classe, DataEmbarque, HorarioEmbarque, Portao, Assento, Preco, NomePassageiro, PassaportePassageiro, NumCompra, DataCompra, HoraCompra, PaisTuristaComprador, PassaporteTuristaComprador) VALUES ('0264245204785', 4, 'Hong Kong', 'Brussels', 'Economy', '2022-07-22', '07:00', '15', '57', 300, 'Letty Ainge', '8864828680', '891234438', '2020-11-30', '4:11', 'Indonesia', '8864828680');  
INSERT INTO Passagem (NumTicketEletronico, Voo, CidadeOrigem, CidadeDestino, Classe, DataEmbarque, HorarioEmbarque, Portao, Assento, Preco, NomePassageiro, PassaportePassageiro, NumCompra, DataCompra, HoraCompra, PaisTuristaComprador, PassaporteTuristaComprador) VALUES ('0766745672778', 1, 'São Paulo', 'Rio de Janeiro', 'Economica', '2022-09-02', '00:00', '2', '22', 300, 'Godfree Piell', '5301384139', '34534454', '2020-10-16', '8:36', 'Brazil', '5301384139');  
INSERT INTO Passagem (NumTicketEletronico, Voo, CidadeOrigem, CidadeDestino, Classe, DataEmbarque, HorarioEmbarque, Portao, Assento, Preco, NomePassageiro, PassaportePassageiro, NumCompra, DataCompra, HoraCompra, PaisTuristaComprador, PassaporteTuristaComprador) VALUES ('0766745672780', 1, 'São Paulo', 'Rio de Janeiro', 'Economica', '2022-09-02', '00:00', '2', '23', 300, 'Claudia Silva', '4545678582', '34534454', '2020-10-16', '8:36', 'Brazil', '5301384139'); 
INSERT INTO Passagem (NumTicketEletronico, Voo, CidadeOrigem, CidadeDestino, Classe, DataEmbarque, HorarioEmbarque, Portao, Assento, Preco, NomePassageiro, PassaportePassageiro, NumCompra, DataCompra, HoraCompra, PaisTuristaComprador, PassaporteTuristaComprador) VALUES ('0107255720448', 5, 'New York', 'Brussels', 'First Class', '2022-09-01', '05:00', '5', '16', 600, NULL, NULL, NULL, NULL, NULL, NULL, NULL);  
INSERT INTO Passagem (NumTicketEletronico, Voo, CidadeOrigem, CidadeDestino, Classe, DataEmbarque, HorarioEmbarque, Portao, Assento, Preco, NomePassageiro, PassaportePassageiro, NumCompra, DataCompra, HoraCompra, PaisTuristaComprador, PassaporteTuristaComprador) VALUES ('0265786527228', 4, 'Hong Kong', 'Brussels', 'Economy', '2022-07-22', '07:00', '15', '129', 300, NULL, NULL, NULL, NULL, NULL, NULL, NULL);  
INSERT INTO Passagem (NumTicketEletronico, Voo, CidadeOrigem, CidadeDestino, Classe, DataEmbarque, HorarioEmbarque, Portao, Assento, Preco, NomePassageiro, PassaportePassageiro, NumCompra, DataCompra, HoraCompra, PaisTuristaComprador, PassaporteTuristaComprador) VALUES ('0102577583279', 3, 'New York', 'Rio de Janeiro', 'Business', '2022-09-01', '20:00', '8', '76', 400, NULL, NULL, NULL, NULL, NULL, NULL, NULL);  
INSERT INTO Passagem (NumTicketEletronico, Voo, CidadeOrigem, CidadeDestino, Classe, DataEmbarque, HorarioEmbarque, Portao, Assento, Preco, NomePassageiro, PassaportePassageiro, NumCompra, DataCompra, HoraCompra, PaisTuristaComprador, PassaporteTuristaComprador) VALUES ('0268756277354', 2, 'Hong Kong', 'Rio de Janeiro', 'Business', '2022-07-22', '03:00', '7', '56', 450, NULL, NULL, NULL, NULL, NULL, NULL, NULL);  
INSERT INTO Passagem (NumTicketEletronico, Voo, CidadeOrigem, CidadeDestino, Classe, DataEmbarque, HorarioEmbarque, Portao, Assento, Preco, NomePassageiro, PassaportePassageiro, NumCompra, DataCompra, HoraCompra, PaisTuristaComprador, PassaporteTuristaComprador) VALUES ('0106838935436', 3, 'New York', 'Rio de Janeiro', 'Executive', '2022-09-01', '20:00', '8', '3', 450, NULL, NULL, NULL, NULL, NULL, NULL, NULL);  
INSERT INTO Passagem (NumTicketEletronico, Voo, CidadeOrigem, CidadeDestino, Classe, DataEmbarque, HorarioEmbarque, Portao, Assento, Preco, NomePassageiro, PassaportePassageiro, NumCompra, DataCompra, HoraCompra, PaisTuristaComprador, PassaporteTuristaComprador) VALUES ('0267852572759', 2, 'Hong Kong', 'Rio de Janeiro', 'Economy', '2022-07-22', '03:00', '7', '256', 500, NULL, NULL, NULL, NULL, NULL, NULL, NULL);  
INSERT INTO Passagem (NumTicketEletronico, Voo, CidadeOrigem, CidadeDestino, Classe, DataEmbarque, HorarioEmbarque, Portao, Assento, Preco, NomePassageiro, PassaportePassageiro, NumCompra, DataCompra, HoraCompra, PaisTuristaComprador, PassaporteTuristaComprador) VALUES ('0108675237533', 4, 'Hong Kong', 'Brussels', 'Economy', '2022-07-22', '07:00', '15', '86', 300, NULL, NULL, NULL, NULL, NULL, NULL, NULL);  
INSERT INTO Passagem (NumTicketEletronico, Voo, CidadeOrigem, CidadeDestino, Classe, DataEmbarque, HorarioEmbarque, Portao, Assento, Preco, NomePassageiro, PassaportePassageiro, NumCompra, DataCompra, HoraCompra, PaisTuristaComprador, PassaporteTuristaComprador) VALUES ('0264245204786', 4, 'Hong Kong', 'Brussels', 'Economy', '2022-07-22', '07:00', '15', '58', 300, NULL, NULL, NULL, NULL, NULL, NULL, NULL);  
INSERT INTO Passagem (NumTicketEletronico, Voo, CidadeOrigem, CidadeDestino, Classe, DataEmbarque, HorarioEmbarque, Portao, Assento, Preco, NomePassageiro, PassaportePassageiro, NumCompra, DataCompra, HoraCompra, PaisTuristaComprador, PassaporteTuristaComprador) VALUES ('0766745672779', 1, 'São Paulo', 'Rio de Janeiro', 'Economica', '2022-09-02', '00:00', '2', '24', 300, NULL, NULL, NULL, NULL, NULL, NULL, NULL);  
INSERT INTO Passagem (NumTicketEletronico, Voo, CidadeOrigem, CidadeDestino, Classe, DataEmbarque, HorarioEmbarque, Portao, Assento, Preco, NomePassageiro, PassaportePassageiro, NumCompra, DataCompra, HoraCompra, PaisTuristaComprador, PassaporteTuristaComprador) VALUES ('0766745672781', 1, 'São Paulo', 'Rio de Janeiro', 'Economica', '2022-09-02', '00:00', '2', '25', 300, NULL, NULL, NULL, NULL, NULL, NULL, NULL);
INSERT INTO Passagem (NumTicketEletronico, Voo, CidadeOrigem, CidadeDestino, Classe, DataEmbarque, HorarioEmbarque, Portao, Assento, Preco, NomePassageiro, PassaportePassageiro, NumCompra, DataCompra, HoraCompra, PaisTuristaComprador, PassaporteTuristaComprador) VALUES ('1245367855864', 6, 'Hong Kong', 'São Paulo', 'Economy', '2022-12-22', '09:00', '7', '256', 500, NULL, NULL, NULL, NULL, NULL, NULL, NULL);
